[
  {
    "id": "df98c6eb-0819-48a8-a2af-1036b9df9d8b",
    "title": "credit management.pdf",
    "description": "Enter a description of the document...",
    "file_type": "pdf",
    "uploaded_by": "admin",
    "upload_date": "2025-04-08T11:13:10.167581",
    "file_path": "data/documents/credit management.pdf"
  },
  {
    "id": "4327dee7-e337-4211-9dcb-ece497de8188",
    "title": "credit apllication.pdf",
    "description": "Enter a description of the document...",
    "file_type": "pdf",
    "uploaded_by": "admin",
    "upload_date": "2025-04-08T11:13:56.520757",
    "file_path": "data/documents/credit apllication.pdf"
  }
]